Centro,Distrito Centro,Tramo Edad,N_personas_atendidas
CSS Badalona,FUENCARRAL-EL PARDO, ,3
CSS Badalona,FUENCARRAL-EL PARDO,0 - 3,232
CSS Badalona,FUENCARRAL-EL PARDO,12 - 17,539
CSS Badalona,FUENCARRAL-EL PARDO,18 - 24,494
CSS Badalona,FUENCARRAL-EL PARDO,25 - 29,315
CSS Badalona,FUENCARRAL-EL PARDO,30 - 34,316
CSS Badalona,FUENCARRAL-EL PARDO,35 - 39,396
CSS Badalona,FUENCARRAL-EL PARDO,4 - 11,731
CSS Badalona,FUENCARRAL-EL PARDO,40 - 44,508
CSS Badalona,FUENCARRAL-EL PARDO,45 - 49,446
CSS Badalona,FUENCARRAL-EL PARDO,50 - 54,419
CSS Badalona,FUENCARRAL-EL PARDO,55 - 59,409
CSS Badalona,FUENCARRAL-EL PARDO,60 - 64,381
CSS Badalona,FUENCARRAL-EL PARDO,65 - 69,389
CSS Badalona,FUENCARRAL-EL PARDO,70 - 74,473
CSS Badalona,FUENCARRAL-EL PARDO,75 - 79,886
CSS Badalona,FUENCARRAL-EL PARDO,80 - 84,1285
CSS Badalona,FUENCARRAL-EL PARDO,>= 85,3019
CSS Calahorra,VICÁLVARO, ,1
CSS Calahorra,VICÁLVARO,0 - 3,217
CSS Calahorra,VICÁLVARO,12 - 17,456
CSS Calahorra,VICÁLVARO,18 - 24,386
CSS Calahorra,VICÁLVARO,25 - 29,220
CSS Calahorra,VICÁLVARO,30 - 34,256
CSS Calahorra,VICÁLVARO,35 - 39,310
CSS Calahorra,VICÁLVARO,4 - 11,566
CSS Calahorra,VICÁLVARO,40 - 44,325
CSS Calahorra,VICÁLVARO,45 - 49,258
CSS Calahorra,VICÁLVARO,50 - 54,243
CSS Calahorra,VICÁLVARO,55 - 59,182
CSS Calahorra,VICÁLVARO,60 - 64,158
CSS Calahorra,VICÁLVARO,65 - 69,95
CSS Calahorra,VICÁLVARO,70 - 74,139
CSS Calahorra,VICÁLVARO,75 - 79,361
CSS Calahorra,VICÁLVARO,80 - 84,539
CSS Calahorra,VICÁLVARO,>= 85,812
CSS Concepción Arenal,HORTALEZA, ,5
CSS Concepción Arenal,HORTALEZA,0 - 3,168
CSS Concepción Arenal,HORTALEZA,12 - 17,401
CSS Concepción Arenal,HORTALEZA,18 - 24,383
CSS Concepción Arenal,HORTALEZA,25 - 29,233
CSS Concepción Arenal,HORTALEZA,30 - 34,288
CSS Concepción Arenal,HORTALEZA,35 - 39,345
CSS Concepción Arenal,HORTALEZA,4 - 11,574
CSS Concepción Arenal,HORTALEZA,40 - 44,387
CSS Concepción Arenal,HORTALEZA,45 - 49,401
CSS Concepción Arenal,HORTALEZA,50 - 54,387
CSS Concepción Arenal,HORTALEZA,55 - 59,371
CSS Concepción Arenal,HORTALEZA,60 - 64,326
CSS Concepción Arenal,HORTALEZA,65 - 69,315
CSS Concepción Arenal,HORTALEZA,70 - 74,490
CSS Concepción Arenal,HORTALEZA,75 - 79,1127
CSS Concepción Arenal,HORTALEZA,80 - 84,1537
CSS Concepción Arenal,HORTALEZA,>= 85,3452
CSS Dehesa de la Villa,MONCLOA-ARAVACA     , ,2
CSS Dehesa de la Villa,MONCLOA-ARAVACA     ,0 - 3,92
CSS Dehesa de la Villa,MONCLOA-ARAVACA     ,12 - 17,237
CSS Dehesa de la Villa,MONCLOA-ARAVACA     ,18 - 24,209
CSS Dehesa de la Villa,MONCLOA-ARAVACA     ,25 - 29,142
CSS Dehesa de la Villa,MONCLOA-ARAVACA     ,30 - 34,166
CSS Dehesa de la Villa,MONCLOA-ARAVACA     ,35 - 39,183
CSS Dehesa de la Villa,MONCLOA-ARAVACA     ,4 - 11,268
CSS Dehesa de la Villa,MONCLOA-ARAVACA     ,40 - 44,226
CSS Dehesa de la Villa,MONCLOA-ARAVACA     ,45 - 49,199
CSS Dehesa de la Villa,MONCLOA-ARAVACA     ,50 - 54,220
CSS Dehesa de la Villa,MONCLOA-ARAVACA     ,55 - 59,164
CSS Dehesa de la Villa,MONCLOA-ARAVACA     ,60 - 64,167
CSS Dehesa de la Villa,MONCLOA-ARAVACA     ,65 - 69,130
CSS Dehesa de la Villa,MONCLOA-ARAVACA     ,70 - 74,248
CSS Dehesa de la Villa,MONCLOA-ARAVACA     ,75 - 79,433
CSS Dehesa de la Villa,MONCLOA-ARAVACA     ,80 - 84,696
CSS Dehesa de la Villa,MONCLOA-ARAVACA     ,>= 85,1547
CSS Eduardo Minguito,VILLAVERDE, ,3
CSS Eduardo Minguito,VILLAVERDE,0 - 3,773
CSS Eduardo Minguito,VILLAVERDE,12 - 17,1372
CSS Eduardo Minguito,VILLAVERDE,18 - 24,1100
CSS Eduardo Minguito,VILLAVERDE,25 - 29,700
CSS Eduardo Minguito,VILLAVERDE,30 - 34,847
CSS Eduardo Minguito,VILLAVERDE,35 - 39,927
CSS Eduardo Minguito,VILLAVERDE,4 - 11,1955
CSS Eduardo Minguito,VILLAVERDE,40 - 44,999
CSS Eduardo Minguito,VILLAVERDE,45 - 49,887
CSS Eduardo Minguito,VILLAVERDE,50 - 54,725
CSS Eduardo Minguito,VILLAVERDE,55 - 59,634
CSS Eduardo Minguito,VILLAVERDE,60 - 64,440
CSS Eduardo Minguito,VILLAVERDE,65 - 69,340
CSS Eduardo Minguito,VILLAVERDE,70 - 74,355
CSS Eduardo Minguito,VILLAVERDE,75 - 79,578
CSS Eduardo Minguito,VILLAVERDE,80 - 84,828
CSS Eduardo Minguito,VILLAVERDE,>= 85,1777
CSS El Querol,HORTALEZA, ,2
CSS El Querol,HORTALEZA,0 - 3,137
CSS El Querol,HORTALEZA,12 - 17,389
CSS El Querol,HORTALEZA,18 - 24,293
CSS El Querol,HORTALEZA,25 - 29,160
CSS El Querol,HORTALEZA,30 - 34,197
CSS El Querol,HORTALEZA,35 - 39,239
CSS El Querol,HORTALEZA,4 - 11,420
CSS El Querol,HORTALEZA,40 - 44,274
CSS El Querol,HORTALEZA,45 - 49,282
CSS El Querol,HORTALEZA,50 - 54,283
CSS El Querol,HORTALEZA,55 - 59,289
CSS El Querol,HORTALEZA,60 - 64,228
CSS El Querol,HORTALEZA,65 - 69,210
CSS El Querol,HORTALEZA,70 - 74,318
CSS El Querol,HORTALEZA,75 - 79,509
CSS El Querol,HORTALEZA,80 - 84,685
CSS El Querol,HORTALEZA,>= 85,1567
CSS Entrevías,PUENTE DE VALLECAS, ,3
CSS Entrevías,PUENTE DE VALLECAS,0 - 3,318
CSS Entrevías,PUENTE DE VALLECAS,12 - 17,597
CSS Entrevías,PUENTE DE VALLECAS,18 - 24,624
CSS Entrevías,PUENTE DE VALLECAS,25 - 29,374
CSS Entrevías,PUENTE DE VALLECAS,30 - 34,405
CSS Entrevías,PUENTE DE VALLECAS,35 - 39,471
CSS Entrevías,PUENTE DE VALLECAS,4 - 11,822
CSS Entrevías,PUENTE DE VALLECAS,40 - 44,465
CSS Entrevías,PUENTE DE VALLECAS,45 - 49,443
CSS Entrevías,PUENTE DE VALLECAS,50 - 54,436
CSS Entrevías,PUENTE DE VALLECAS,55 - 59,438
CSS Entrevías,PUENTE DE VALLECAS,60 - 64,320
CSS Entrevías,PUENTE DE VALLECAS,65 - 69,245
CSS Entrevías,PUENTE DE VALLECAS,70 - 74,264
CSS Entrevías,PUENTE DE VALLECAS,75 - 79,447
CSS Entrevías,PUENTE DE VALLECAS,80 - 84,612
CSS Entrevías,PUENTE DE VALLECAS,>= 85,1567
CSS Fuente Carrantona,MORATALAZ, ,3
CSS Fuente Carrantona,MORATALAZ,0 - 3,236
CSS Fuente Carrantona,MORATALAZ,12 - 17,569
CSS Fuente Carrantona,MORATALAZ,18 - 24,586
CSS Fuente Carrantona,MORATALAZ,25 - 29,411
CSS Fuente Carrantona,MORATALAZ,30 - 34,412
CSS Fuente Carrantona,MORATALAZ,35 - 39,466
CSS Fuente Carrantona,MORATALAZ,4 - 11,685
CSS Fuente Carrantona,MORATALAZ,40 - 44,507
CSS Fuente Carrantona,MORATALAZ,45 - 49,522
CSS Fuente Carrantona,MORATALAZ,50 - 54,559
CSS Fuente Carrantona,MORATALAZ,55 - 59,549
CSS Fuente Carrantona,MORATALAZ,60 - 64,472
CSS Fuente Carrantona,MORATALAZ,65 - 69,391
CSS Fuente Carrantona,MORATALAZ,70 - 74,545
CSS Fuente Carrantona,MORATALAZ,75 - 79,1145
CSS Fuente Carrantona,MORATALAZ,80 - 84,2002
CSS Fuente Carrantona,MORATALAZ,>= 85,4642
CSS Fuerte de Navidad,LATINA, ,3
CSS Fuerte de Navidad,LATINA,0 - 3,381
CSS Fuerte de Navidad,LATINA,12 - 17,743
CSS Fuerte de Navidad,LATINA,18 - 24,673
CSS Fuerte de Navidad,LATINA,25 - 29,490
CSS Fuerte de Navidad,LATINA,30 - 34,552
CSS Fuerte de Navidad,LATINA,35 - 39,656
CSS Fuerte de Navidad,LATINA,4 - 11,1107
CSS Fuerte de Navidad,LATINA,40 - 44,673
CSS Fuerte de Navidad,LATINA,45 - 49,650
CSS Fuerte de Navidad,LATINA,50 - 54,638
CSS Fuerte de Navidad,LATINA,55 - 59,559
CSS Fuerte de Navidad,LATINA,60 - 64,423
CSS Fuerte de Navidad,LATINA,65 - 69,419
CSS Fuerte de Navidad,LATINA,70 - 74,549
CSS Fuerte de Navidad,LATINA,75 - 79,1251
CSS Fuerte de Navidad,LATINA,80 - 84,2027
CSS Fuerte de Navidad,LATINA,>= 85,3647
CSS Gallur,LATINA, ,2
CSS Gallur,LATINA,0 - 3,424
CSS Gallur,LATINA,12 - 17,819
CSS Gallur,LATINA,18 - 24,730
CSS Gallur,LATINA,25 - 29,528
CSS Gallur,LATINA,30 - 34,578
CSS Gallur,LATINA,35 - 39,682
CSS Gallur,LATINA,4 - 11,1106
CSS Gallur,LATINA,40 - 44,659
CSS Gallur,LATINA,45 - 49,601
CSS Gallur,LATINA,50 - 54,595
CSS Gallur,LATINA,55 - 59,593
CSS Gallur,LATINA,60 - 64,465
CSS Gallur,LATINA,65 - 69,366
CSS Gallur,LATINA,70 - 74,378
CSS Gallur,LATINA,75 - 79,754
CSS Gallur,LATINA,80 - 84,1148
CSS Gallur,LATINA,>= 85,3925
CSS Guindalera,SALAMANCA, ,9
CSS Guindalera,SALAMANCA,0 - 3,111
CSS Guindalera,SALAMANCA,12 - 17,306
CSS Guindalera,SALAMANCA,18 - 24,329
CSS Guindalera,SALAMANCA,25 - 29,204
CSS Guindalera,SALAMANCA,30 - 34,193
CSS Guindalera,SALAMANCA,35 - 39,257
CSS Guindalera,SALAMANCA,4 - 11,347
CSS Guindalera,SALAMANCA,40 - 44,339
CSS Guindalera,SALAMANCA,45 - 49,359
CSS Guindalera,SALAMANCA,50 - 54,368
CSS Guindalera,SALAMANCA,55 - 59,348
CSS Guindalera,SALAMANCA,60 - 64,348
CSS Guindalera,SALAMANCA,65 - 69,357
CSS Guindalera,SALAMANCA,70 - 74,576
CSS Guindalera,SALAMANCA,75 - 79,956
CSS Guindalera,SALAMANCA,80 - 84,1512
CSS Guindalera,SALAMANCA,>= 85,4652
CSS Huerta de Villaverde,VILLAVERDE, ,3
CSS Huerta de Villaverde,VILLAVERDE,0 - 3,691
CSS Huerta de Villaverde,VILLAVERDE,12 - 17,1266
CSS Huerta de Villaverde,VILLAVERDE,18 - 24,1114
CSS Huerta de Villaverde,VILLAVERDE,25 - 29,771
CSS Huerta de Villaverde,VILLAVERDE,30 - 34,887
CSS Huerta de Villaverde,VILLAVERDE,35 - 39,884
CSS Huerta de Villaverde,VILLAVERDE,4 - 11,1704
CSS Huerta de Villaverde,VILLAVERDE,40 - 44,1011
CSS Huerta de Villaverde,VILLAVERDE,45 - 49,933
CSS Huerta de Villaverde,VILLAVERDE,50 - 54,835
CSS Huerta de Villaverde,VILLAVERDE,55 - 59,733
CSS Huerta de Villaverde,VILLAVERDE,60 - 64,601
CSS Huerta de Villaverde,VILLAVERDE,65 - 69,419
CSS Huerta de Villaverde,VILLAVERDE,70 - 74,477
CSS Huerta de Villaverde,VILLAVERDE,75 - 79,945
CSS Huerta de Villaverde,VILLAVERDE,80 - 84,1566
CSS Huerta de Villaverde,VILLAVERDE,>= 85,3245
CSS Infante Don Juan ,MONCLOA-ARAVACA     , ,1
CSS Infante Don Juan ,MONCLOA-ARAVACA     ,0 - 3,54
CSS Infante Don Juan ,MONCLOA-ARAVACA     ,12 - 17,171
CSS Infante Don Juan ,MONCLOA-ARAVACA     ,18 - 24,132
CSS Infante Don Juan ,MONCLOA-ARAVACA     ,25 - 29,96
CSS Infante Don Juan ,MONCLOA-ARAVACA     ,30 - 34,115
CSS Infante Don Juan ,MONCLOA-ARAVACA     ,35 - 39,142
CSS Infante Don Juan ,MONCLOA-ARAVACA     ,4 - 11,236
CSS Infante Don Juan ,MONCLOA-ARAVACA     ,40 - 44,137
CSS Infante Don Juan ,MONCLOA-ARAVACA     ,45 - 49,150
CSS Infante Don Juan ,MONCLOA-ARAVACA     ,50 - 54,208
CSS Infante Don Juan ,MONCLOA-ARAVACA     ,55 - 59,192
CSS Infante Don Juan ,MONCLOA-ARAVACA     ,60 - 64,175
CSS Infante Don Juan ,MONCLOA-ARAVACA     ,65 - 69,163
CSS Infante Don Juan ,MONCLOA-ARAVACA     ,70 - 74,186
CSS Infante Don Juan ,MONCLOA-ARAVACA     ,75 - 79,379
CSS Infante Don Juan ,MONCLOA-ARAVACA     ,80 - 84,553
CSS Infante Don Juan ,MONCLOA-ARAVACA     ,>= 85,1766
CSS José Villarreal,ARGANZUELA, ,2
CSS José Villarreal,ARGANZUELA,0 - 3,208
CSS José Villarreal,ARGANZUELA,12 - 17,457
CSS José Villarreal,ARGANZUELA,18 - 24,441
CSS José Villarreal,ARGANZUELA,25 - 29,371
CSS José Villarreal,ARGANZUELA,30 - 34,362
CSS José Villarreal,ARGANZUELA,35 - 39,489
CSS José Villarreal,ARGANZUELA,4 - 11,634
CSS José Villarreal,ARGANZUELA,40 - 44,598
CSS José Villarreal,ARGANZUELA,45 - 49,543
CSS José Villarreal,ARGANZUELA,50 - 54,570
CSS José Villarreal,ARGANZUELA,55 - 59,579
CSS José Villarreal,ARGANZUELA,60 - 64,525
CSS José Villarreal,ARGANZUELA,65 - 69,469
CSS José Villarreal,ARGANZUELA,70 - 74,638
CSS José Villarreal,ARGANZUELA,75 - 79,1042
CSS José Villarreal,ARGANZUELA,80 - 84,1520
CSS José Villarreal,ARGANZUELA,>= 85,4369
CSS Los Yébenes,LATINA, ,6
CSS Los Yébenes,LATINA,0 - 3,280
CSS Los Yébenes,LATINA,12 - 17,569
CSS Los Yébenes,LATINA,18 - 24,534
CSS Los Yébenes,LATINA,25 - 29,396
CSS Los Yébenes,LATINA,30 - 34,470
CSS Los Yébenes,LATINA,35 - 39,545
CSS Los Yébenes,LATINA,4 - 11,786
CSS Los Yébenes,LATINA,40 - 44,572
CSS Los Yébenes,LATINA,45 - 49,522
CSS Los Yébenes,LATINA,50 - 54,503
CSS Los Yébenes,LATINA,55 - 59,464
CSS Los Yébenes,LATINA,60 - 64,333
CSS Los Yébenes,LATINA,65 - 69,263
CSS Los Yébenes,LATINA,70 - 74,433
CSS Los Yébenes,LATINA,75 - 79,1142
CSS Los Yébenes,LATINA,80 - 84,1673
CSS Los Yébenes,LATINA,>= 85,3226
CSS Loyola de Palacio,USERA ,0 - 3,359
CSS Loyola de Palacio,USERA ,12 - 17,832
CSS Loyola de Palacio,USERA ,18 - 24,896
CSS Loyola de Palacio,USERA ,25 - 29,436
CSS Loyola de Palacio,USERA ,30 - 34,499
CSS Loyola de Palacio,USERA ,35 - 39,583
CSS Loyola de Palacio,USERA ,4 - 11,1060
CSS Loyola de Palacio,USERA ,40 - 44,634
CSS Loyola de Palacio,USERA ,45 - 49,652
CSS Loyola de Palacio,USERA ,50 - 54,607
CSS Loyola de Palacio,USERA ,55 - 59,482
CSS Loyola de Palacio,USERA ,60 - 64,431
CSS Loyola de Palacio,USERA ,65 - 69,350
CSS Loyola de Palacio,USERA ,70 - 74,374
CSS Loyola de Palacio,USERA ,75 - 79,588
CSS Loyola de Palacio,USERA ,80 - 84,734
CSS Loyola de Palacio,USERA ,>= 85,1459
CSS Luis Vives,CIUDAD LINEAL, ,12
CSS Luis Vives,CIUDAD LINEAL,0 - 3,448
CSS Luis Vives,CIUDAD LINEAL,12 - 17,899
CSS Luis Vives,CIUDAD LINEAL,18 - 24,832
CSS Luis Vives,CIUDAD LINEAL,25 - 29,615
CSS Luis Vives,CIUDAD LINEAL,30 - 34,746
CSS Luis Vives,CIUDAD LINEAL,35 - 39,863
CSS Luis Vives,CIUDAD LINEAL,4 - 11,1219
CSS Luis Vives,CIUDAD LINEAL,40 - 44,974
CSS Luis Vives,CIUDAD LINEAL,45 - 49,863
CSS Luis Vives,CIUDAD LINEAL,50 - 54,793
CSS Luis Vives,CIUDAD LINEAL,55 - 59,865
CSS Luis Vives,CIUDAD LINEAL,60 - 64,699
CSS Luis Vives,CIUDAD LINEAL,65 - 69,662
CSS Luis Vives,CIUDAD LINEAL,70 - 74,790
CSS Luis Vives,CIUDAD LINEAL,75 - 79,1587
CSS Luis Vives,CIUDAD LINEAL,80 - 84,2498
CSS Luis Vives,CIUDAD LINEAL,>= 85,6912
CSS Maravillas,CENTRO, ,5
CSS Maravillas,CENTRO,0 - 3,110
CSS Maravillas,CENTRO,12 - 17,176
CSS Maravillas,CENTRO,18 - 24,168
CSS Maravillas,CENTRO,25 - 29,172
CSS Maravillas,CENTRO,30 - 34,226
CSS Maravillas,CENTRO,35 - 39,280
CSS Maravillas,CENTRO,4 - 11,254
CSS Maravillas,CENTRO,40 - 44,307
CSS Maravillas,CENTRO,45 - 49,267
CSS Maravillas,CENTRO,50 - 54,273
CSS Maravillas,CENTRO,55 - 59,319
CSS Maravillas,CENTRO,60 - 64,286
CSS Maravillas,CENTRO,65 - 69,220
CSS Maravillas,CENTRO,70 - 74,226
CSS Maravillas,CENTRO,75 - 79,345
CSS Maravillas,CENTRO,80 - 84,483
CSS Maravillas,CENTRO,>= 85,1375
CSS Marta Esquivias Tallada,CHAMBERÍ, ,1
CSS Marta Esquivias Tallada,CHAMBERÍ,0 - 3,129
CSS Marta Esquivias Tallada,CHAMBERÍ,12 - 17,340
CSS Marta Esquivias Tallada,CHAMBERÍ,18 - 24,343
CSS Marta Esquivias Tallada,CHAMBERÍ,25 - 29,166
CSS Marta Esquivias Tallada,CHAMBERÍ,30 - 34,212
CSS Marta Esquivias Tallada,CHAMBERÍ,35 - 39,277
CSS Marta Esquivias Tallada,CHAMBERÍ,4 - 11,403
CSS Marta Esquivias Tallada,CHAMBERÍ,40 - 44,357
CSS Marta Esquivias Tallada,CHAMBERÍ,45 - 49,346
CSS Marta Esquivias Tallada,CHAMBERÍ,50 - 54,364
CSS Marta Esquivias Tallada,CHAMBERÍ,55 - 59,387
CSS Marta Esquivias Tallada,CHAMBERÍ,60 - 64,355
CSS Marta Esquivias Tallada,CHAMBERÍ,65 - 69,375
CSS Marta Esquivias Tallada,CHAMBERÍ,70 - 74,566
CSS Marta Esquivias Tallada,CHAMBERÍ,75 - 79,984
CSS Marta Esquivias Tallada,CHAMBERÍ,80 - 84,1401
CSS Marta Esquivias Tallada,CHAMBERÍ,>= 85,4526
CSS María Zayas,TETUÁN, ,8
CSS María Zayas,TETUÁN,0 - 3,401
CSS María Zayas,TETUÁN,12 - 17,704
CSS María Zayas,TETUÁN,18 - 24,698
CSS María Zayas,TETUÁN,25 - 29,491
CSS María Zayas,TETUÁN,30 - 34,541
CSS María Zayas,TETUÁN,35 - 39,730
CSS María Zayas,TETUÁN,4 - 11,992
CSS María Zayas,TETUÁN,40 - 44,739
CSS María Zayas,TETUÁN,45 - 49,674
CSS María Zayas,TETUÁN,50 - 54,562
CSS María Zayas,TETUÁN,55 - 59,512
CSS María Zayas,TETUÁN,60 - 64,493
CSS María Zayas,TETUÁN,65 - 69,368
CSS María Zayas,TETUÁN,70 - 74,443
CSS María Zayas,TETUÁN,75 - 79,779
CSS María Zayas,TETUÁN,80 - 84,1001
CSS María Zayas,TETUÁN,>= 85,3317
CSS Monseñor Óscar Romero,CARABANCHEL, ,2
CSS Monseñor Óscar Romero,CARABANCHEL,0 - 3,470
CSS Monseñor Óscar Romero,CARABANCHEL,12 - 17,1011
CSS Monseñor Óscar Romero,CARABANCHEL,18 - 24,882
CSS Monseñor Óscar Romero,CARABANCHEL,25 - 29,623
CSS Monseñor Óscar Romero,CARABANCHEL,30 - 34,673
CSS Monseñor Óscar Romero,CARABANCHEL,35 - 39,771
CSS Monseñor Óscar Romero,CARABANCHEL,4 - 11,1425
CSS Monseñor Óscar Romero,CARABANCHEL,40 - 44,833
CSS Monseñor Óscar Romero,CARABANCHEL,45 - 49,728
CSS Monseñor Óscar Romero,CARABANCHEL,50 - 54,684
CSS Monseñor Óscar Romero,CARABANCHEL,55 - 59,542
CSS Monseñor Óscar Romero,CARABANCHEL,60 - 64,449
CSS Monseñor Óscar Romero,CARABANCHEL,65 - 69,324
CSS Monseñor Óscar Romero,CARABANCHEL,70 - 74,437
CSS Monseñor Óscar Romero,CARABANCHEL,75 - 79,832
CSS Monseñor Óscar Romero,CARABANCHEL,80 - 84,1242
CSS Monseñor Óscar Romero,CARABANCHEL,>= 85,2349
CSS Pablo Casals,SAN BLAS-CANILLEJAS, ,7
CSS Pablo Casals,SAN BLAS-CANILLEJAS,0 - 3,287
CSS Pablo Casals,SAN BLAS-CANILLEJAS,12 - 17,617
CSS Pablo Casals,SAN BLAS-CANILLEJAS,18 - 24,622
CSS Pablo Casals,SAN BLAS-CANILLEJAS,25 - 29,385
CSS Pablo Casals,SAN BLAS-CANILLEJAS,30 - 34,430
CSS Pablo Casals,SAN BLAS-CANILLEJAS,35 - 39,461
CSS Pablo Casals,SAN BLAS-CANILLEJAS,4 - 11,769
CSS Pablo Casals,SAN BLAS-CANILLEJAS,40 - 44,510
CSS Pablo Casals,SAN BLAS-CANILLEJAS,45 - 49,504
CSS Pablo Casals,SAN BLAS-CANILLEJAS,50 - 54,544
CSS Pablo Casals,SAN BLAS-CANILLEJAS,55 - 59,428
CSS Pablo Casals,SAN BLAS-CANILLEJAS,60 - 64,417
CSS Pablo Casals,SAN BLAS-CANILLEJAS,65 - 69,286
CSS Pablo Casals,SAN BLAS-CANILLEJAS,70 - 74,354
CSS Pablo Casals,SAN BLAS-CANILLEJAS,75 - 79,590
CSS Pablo Casals,SAN BLAS-CANILLEJAS,80 - 84,1018
CSS Pablo Casals,SAN BLAS-CANILLEJAS,>= 85,2632
CSS Pablo Neruda,PUENTE DE VALLECAS, ,3
CSS Pablo Neruda,PUENTE DE VALLECAS,0 - 3,291
CSS Pablo Neruda,PUENTE DE VALLECAS,12 - 17,652
CSS Pablo Neruda,PUENTE DE VALLECAS,18 - 24,610
CSS Pablo Neruda,PUENTE DE VALLECAS,25 - 29,373
CSS Pablo Neruda,PUENTE DE VALLECAS,30 - 34,461
CSS Pablo Neruda,PUENTE DE VALLECAS,35 - 39,517
CSS Pablo Neruda,PUENTE DE VALLECAS,4 - 11,871
CSS Pablo Neruda,PUENTE DE VALLECAS,40 - 44,561
CSS Pablo Neruda,PUENTE DE VALLECAS,45 - 49,491
CSS Pablo Neruda,PUENTE DE VALLECAS,50 - 54,434
CSS Pablo Neruda,PUENTE DE VALLECAS,55 - 59,429
CSS Pablo Neruda,PUENTE DE VALLECAS,60 - 64,368
CSS Pablo Neruda,PUENTE DE VALLECAS,65 - 69,280
CSS Pablo Neruda,PUENTE DE VALLECAS,70 - 74,357
CSS Pablo Neruda,PUENTE DE VALLECAS,75 - 79,579
CSS Pablo Neruda,PUENTE DE VALLECAS,80 - 84,1016
CSS Pablo Neruda,PUENTE DE VALLECAS,>= 85,2182
CSS Plaza Elíptica,CARABANCHEL,0 - 3,391
CSS Plaza Elíptica,CARABANCHEL,12 - 17,640
CSS Plaza Elíptica,CARABANCHEL,18 - 24,599
CSS Plaza Elíptica,CARABANCHEL,25 - 29,418
CSS Plaza Elíptica,CARABANCHEL,30 - 34,462
CSS Plaza Elíptica,CARABANCHEL,35 - 39,573
CSS Plaza Elíptica,CARABANCHEL,4 - 11,991
CSS Plaza Elíptica,CARABANCHEL,40 - 44,629
CSS Plaza Elíptica,CARABANCHEL,45 - 49,536
CSS Plaza Elíptica,CARABANCHEL,50 - 54,438
CSS Plaza Elíptica,CARABANCHEL,55 - 59,412
CSS Plaza Elíptica,CARABANCHEL,60 - 64,317
CSS Plaza Elíptica,CARABANCHEL,65 - 69,297
CSS Plaza Elíptica,CARABANCHEL,70 - 74,371
CSS Plaza Elíptica,CARABANCHEL,75 - 79,634
CSS Plaza Elíptica,CARABANCHEL,80 - 84,924
CSS Plaza Elíptica,CARABANCHEL,>= 85,2147
CSS Puerta de Toledo,CENTRO, ,4
CSS Puerta de Toledo,CENTRO,0 - 3,221
CSS Puerta de Toledo,CENTRO,12 - 17,395
CSS Puerta de Toledo,CENTRO,18 - 24,383
CSS Puerta de Toledo,CENTRO,25 - 29,296
CSS Puerta de Toledo,CENTRO,30 - 34,351
CSS Puerta de Toledo,CENTRO,35 - 39,446
CSS Puerta de Toledo,CENTRO,4 - 11,578
CSS Puerta de Toledo,CENTRO,40 - 44,521
CSS Puerta de Toledo,CENTRO,45 - 49,512
CSS Puerta de Toledo,CENTRO,50 - 54,448
CSS Puerta de Toledo,CENTRO,55 - 59,417
CSS Puerta de Toledo,CENTRO,60 - 64,411
CSS Puerta de Toledo,CENTRO,65 - 69,330
CSS Puerta de Toledo,CENTRO,70 - 74,331
CSS Puerta de Toledo,CENTRO,75 - 79,494
CSS Puerta de Toledo,CENTRO,80 - 84,606
CSS Puerta de Toledo,CENTRO,>= 85,1621
CSS Ramón Pérez De Ayala,PUENTE DE VALLECAS, ,3
CSS Ramón Pérez De Ayala,PUENTE DE VALLECAS,0 - 3,230
CSS Ramón Pérez De Ayala,PUENTE DE VALLECAS,12 - 17,471
CSS Ramón Pérez De Ayala,PUENTE DE VALLECAS,18 - 24,506
CSS Ramón Pérez De Ayala,PUENTE DE VALLECAS,25 - 29,408
CSS Ramón Pérez De Ayala,PUENTE DE VALLECAS,30 - 34,489
CSS Ramón Pérez De Ayala,PUENTE DE VALLECAS,35 - 39,520
CSS Ramón Pérez De Ayala,PUENTE DE VALLECAS,4 - 11,661
CSS Ramón Pérez De Ayala,PUENTE DE VALLECAS,40 - 44,591
CSS Ramón Pérez De Ayala,PUENTE DE VALLECAS,45 - 49,484
CSS Ramón Pérez De Ayala,PUENTE DE VALLECAS,50 - 54,460
CSS Ramón Pérez De Ayala,PUENTE DE VALLECAS,55 - 59,418
CSS Ramón Pérez De Ayala,PUENTE DE VALLECAS,60 - 64,409
CSS Ramón Pérez De Ayala,PUENTE DE VALLECAS,65 - 69,309
CSS Ramón Pérez De Ayala,PUENTE DE VALLECAS,70 - 74,367
CSS Ramón Pérez De Ayala,PUENTE DE VALLECAS,75 - 79,588
CSS Ramón Pérez De Ayala,PUENTE DE VALLECAS,80 - 84,900
CSS Ramón Pérez De Ayala,PUENTE DE VALLECAS,>= 85,2162
CSS Retiro,RETIRO, ,1
CSS Retiro,RETIRO,0 - 3,118
CSS Retiro,RETIRO,12 - 17,267
CSS Retiro,RETIRO,18 - 24,214
CSS Retiro,RETIRO,25 - 29,161
CSS Retiro,RETIRO,30 - 34,204
CSS Retiro,RETIRO,35 - 39,233
CSS Retiro,RETIRO,4 - 11,347
CSS Retiro,RETIRO,40 - 44,242
CSS Retiro,RETIRO,45 - 49,244
CSS Retiro,RETIRO,50 - 54,300
CSS Retiro,RETIRO,55 - 59,335
CSS Retiro,RETIRO,60 - 64,269
CSS Retiro,RETIRO,65 - 69,283
CSS Retiro,RETIRO,70 - 74,492
CSS Retiro,RETIRO,75 - 79,901
CSS Retiro,RETIRO,80 - 84,1417
CSS Retiro,RETIRO,>= 85,4126
CSS San Diego,PUENTE DE VALLECAS, ,6
CSS San Diego,PUENTE DE VALLECAS,0 - 3,500
CSS San Diego,PUENTE DE VALLECAS,12 - 17,915
CSS San Diego,PUENTE DE VALLECAS,18 - 24,946
CSS San Diego,PUENTE DE VALLECAS,25 - 29,754
CSS San Diego,PUENTE DE VALLECAS,30 - 34,875
CSS San Diego,PUENTE DE VALLECAS,35 - 39,901
CSS San Diego,PUENTE DE VALLECAS,4 - 11,1216
CSS San Diego,PUENTE DE VALLECAS,40 - 44,875
CSS San Diego,PUENTE DE VALLECAS,45 - 49,790
CSS San Diego,PUENTE DE VALLECAS,50 - 54,749
CSS San Diego,PUENTE DE VALLECAS,55 - 59,691
CSS San Diego,PUENTE DE VALLECAS,60 - 64,569
CSS San Diego,PUENTE DE VALLECAS,65 - 69,431
CSS San Diego,PUENTE DE VALLECAS,70 - 74,401
CSS San Diego,PUENTE DE VALLECAS,75 - 79,626
CSS San Diego,PUENTE DE VALLECAS,80 - 84,944
CSS San Diego,PUENTE DE VALLECAS,>= 85,2291
CSS San Filiberto,USERA , ,3
CSS San Filiberto,USERA ,0 - 3,776
CSS San Filiberto,USERA ,12 - 17,1234
CSS San Filiberto,USERA ,18 - 24,1197
CSS San Filiberto,USERA ,25 - 29,797
CSS San Filiberto,USERA ,30 - 34,950
CSS San Filiberto,USERA ,35 - 39,1066
CSS San Filiberto,USERA ,4 - 11,2021
CSS San Filiberto,USERA ,40 - 44,1170
CSS San Filiberto,USERA ,45 - 49,1017
CSS San Filiberto,USERA ,50 - 54,847
CSS San Filiberto,USERA ,55 - 59,723
CSS San Filiberto,USERA ,60 - 64,549
CSS San Filiberto,USERA ,65 - 69,469
CSS San Filiberto,USERA ,70 - 74,497
CSS San Filiberto,USERA ,75 - 79,788
CSS San Filiberto,USERA ,80 - 84,1353
CSS San Filiberto,USERA ,>= 85,3436
CSS San Vicente de Paúl,FUENCARRAL-EL PARDO, ,3
CSS San Vicente de Paúl,FUENCARRAL-EL PARDO,0 - 3,165
CSS San Vicente de Paúl,FUENCARRAL-EL PARDO,12 - 17,481
CSS San Vicente de Paúl,FUENCARRAL-EL PARDO,18 - 24,396
CSS San Vicente de Paúl,FUENCARRAL-EL PARDO,25 - 29,252
CSS San Vicente de Paúl,FUENCARRAL-EL PARDO,30 - 34,307
CSS San Vicente de Paúl,FUENCARRAL-EL PARDO,35 - 39,379
CSS San Vicente de Paúl,FUENCARRAL-EL PARDO,4 - 11,622
CSS San Vicente de Paúl,FUENCARRAL-EL PARDO,40 - 44,523
CSS San Vicente de Paúl,FUENCARRAL-EL PARDO,45 - 49,438
CSS San Vicente de Paúl,FUENCARRAL-EL PARDO,50 - 54,490
CSS San Vicente de Paúl,FUENCARRAL-EL PARDO,55 - 59,454
CSS San Vicente de Paúl,FUENCARRAL-EL PARDO,60 - 64,386
CSS San Vicente de Paúl,FUENCARRAL-EL PARDO,65 - 69,373
CSS San Vicente de Paúl,FUENCARRAL-EL PARDO,70 - 74,612
CSS San Vicente de Paúl,FUENCARRAL-EL PARDO,75 - 79,1171
CSS San Vicente de Paúl,FUENCARRAL-EL PARDO,80 - 84,1662
CSS San Vicente de Paúl,FUENCARRAL-EL PARDO,>= 85,3321
CSS Santa Felicidad,CIUDAD LINEAL, ,1
CSS Santa Felicidad,CIUDAD LINEAL,0 - 3,150
CSS Santa Felicidad,CIUDAD LINEAL,12 - 17,305
CSS Santa Felicidad,CIUDAD LINEAL,18 - 24,261
CSS Santa Felicidad,CIUDAD LINEAL,25 - 29,185
CSS Santa Felicidad,CIUDAD LINEAL,30 - 34,210
CSS Santa Felicidad,CIUDAD LINEAL,35 - 39,248
CSS Santa Felicidad,CIUDAD LINEAL,4 - 11,385
CSS Santa Felicidad,CIUDAD LINEAL,40 - 44,256
CSS Santa Felicidad,CIUDAD LINEAL,45 - 49,252
CSS Santa Felicidad,CIUDAD LINEAL,50 - 54,271
CSS Santa Felicidad,CIUDAD LINEAL,55 - 59,207
CSS Santa Felicidad,CIUDAD LINEAL,60 - 64,222
CSS Santa Felicidad,CIUDAD LINEAL,65 - 69,162
CSS Santa Felicidad,CIUDAD LINEAL,70 - 74,213
CSS Santa Felicidad,CIUDAD LINEAL,75 - 79,398
CSS Santa Felicidad,CIUDAD LINEAL,80 - 84,709
CSS Santa Felicidad,CIUDAD LINEAL,>= 85,1901
CSS Santa Hortensia,CHAMARTÍN, ,2
CSS Santa Hortensia,CHAMARTÍN,0 - 3,98
CSS Santa Hortensia,CHAMARTÍN,12 - 17,289
CSS Santa Hortensia,CHAMARTÍN,18 - 24,270
CSS Santa Hortensia,CHAMARTÍN,25 - 29,161
CSS Santa Hortensia,CHAMARTÍN,30 - 34,207
CSS Santa Hortensia,CHAMARTÍN,35 - 39,208
CSS Santa Hortensia,CHAMARTÍN,4 - 11,346
CSS Santa Hortensia,CHAMARTÍN,40 - 44,287
CSS Santa Hortensia,CHAMARTÍN,45 - 49,281
CSS Santa Hortensia,CHAMARTÍN,50 - 54,337
CSS Santa Hortensia,CHAMARTÍN,55 - 59,367
CSS Santa Hortensia,CHAMARTÍN,60 - 64,331
CSS Santa Hortensia,CHAMARTÍN,65 - 69,367
CSS Santa Hortensia,CHAMARTÍN,70 - 74,503
CSS Santa Hortensia,CHAMARTÍN,75 - 79,882
CSS Santa Hortensia,CHAMARTÍN,80 - 84,1397
CSS Santa Hortensia,CHAMARTÍN,>= 85,4322
CSS Teresa de Calcuta,BARAJAS,0 - 3,106
CSS Teresa de Calcuta,BARAJAS,12 - 17,297
CSS Teresa de Calcuta,BARAJAS,18 - 24,278
CSS Teresa de Calcuta,BARAJAS,25 - 29,129
CSS Teresa de Calcuta,BARAJAS,30 - 34,181
CSS Teresa de Calcuta,BARAJAS,35 - 39,233
CSS Teresa de Calcuta,BARAJAS,4 - 11,399
CSS Teresa de Calcuta,BARAJAS,40 - 44,256
CSS Teresa de Calcuta,BARAJAS,45 - 49,259
CSS Teresa de Calcuta,BARAJAS,50 - 54,263
CSS Teresa de Calcuta,BARAJAS,55 - 59,191
CSS Teresa de Calcuta,BARAJAS,60 - 64,158
CSS Teresa de Calcuta,BARAJAS,65 - 69,141
CSS Teresa de Calcuta,BARAJAS,70 - 74,253
CSS Teresa de Calcuta,BARAJAS,75 - 79,399
CSS Teresa de Calcuta,BARAJAS,80 - 84,481
CSS Teresa de Calcuta,BARAJAS,>= 85,865
CSS Torre Arias,SAN BLAS-CANILLEJAS, ,4
CSS Torre Arias,SAN BLAS-CANILLEJAS,0 - 3,347
CSS Torre Arias,SAN BLAS-CANILLEJAS,12 - 17,602
CSS Torre Arias,SAN BLAS-CANILLEJAS,18 - 24,576
CSS Torre Arias,SAN BLAS-CANILLEJAS,25 - 29,411
CSS Torre Arias,SAN BLAS-CANILLEJAS,30 - 34,512
CSS Torre Arias,SAN BLAS-CANILLEJAS,35 - 39,540
CSS Torre Arias,SAN BLAS-CANILLEJAS,4 - 11,814
CSS Torre Arias,SAN BLAS-CANILLEJAS,40 - 44,557
CSS Torre Arias,SAN BLAS-CANILLEJAS,45 - 49,524
CSS Torre Arias,SAN BLAS-CANILLEJAS,50 - 54,505
CSS Torre Arias,SAN BLAS-CANILLEJAS,55 - 59,493
CSS Torre Arias,SAN BLAS-CANILLEJAS,60 - 64,478
CSS Torre Arias,SAN BLAS-CANILLEJAS,65 - 69,360
CSS Torre Arias,SAN BLAS-CANILLEJAS,70 - 74,394
CSS Torre Arias,SAN BLAS-CANILLEJAS,75 - 79,637
CSS Torre Arias,SAN BLAS-CANILLEJAS,80 - 84,1043
CSS Torre Arias,SAN BLAS-CANILLEJAS,>= 85,2991
CSS Valdebernardo,VICÁLVARO,0 - 3,180
CSS Valdebernardo,VICÁLVARO,12 - 17,417
CSS Valdebernardo,VICÁLVARO,18 - 24,404
CSS Valdebernardo,VICÁLVARO,25 - 29,264
CSS Valdebernardo,VICÁLVARO,30 - 34,255
CSS Valdebernardo,VICÁLVARO,35 - 39,277
CSS Valdebernardo,VICÁLVARO,4 - 11,492
CSS Valdebernardo,VICÁLVARO,40 - 44,278
CSS Valdebernardo,VICÁLVARO,45 - 49,316
CSS Valdebernardo,VICÁLVARO,50 - 54,350
CSS Valdebernardo,VICÁLVARO,55 - 59,330
CSS Valdebernardo,VICÁLVARO,60 - 64,238
CSS Valdebernardo,VICÁLVARO,65 - 69,150
CSS Valdebernardo,VICÁLVARO,70 - 74,160
CSS Valdebernardo,VICÁLVARO,75 - 79,335
CSS Valdebernardo,VICÁLVARO,80 - 84,511
CSS Valdebernardo,VICÁLVARO,>= 85,849
CSS Vicente Ferrer,TETUÁN, ,5
CSS Vicente Ferrer,TETUÁN,0 - 3,262
CSS Vicente Ferrer,TETUÁN,12 - 17,629
CSS Vicente Ferrer,TETUÁN,18 - 24,648
CSS Vicente Ferrer,TETUÁN,25 - 29,384
CSS Vicente Ferrer,TETUÁN,30 - 34,412
CSS Vicente Ferrer,TETUÁN,35 - 39,503
CSS Vicente Ferrer,TETUÁN,4 - 11,775
CSS Vicente Ferrer,TETUÁN,40 - 44,532
CSS Vicente Ferrer,TETUÁN,45 - 49,491
CSS Vicente Ferrer,TETUÁN,50 - 54,509
CSS Vicente Ferrer,TETUÁN,55 - 59,481
CSS Vicente Ferrer,TETUÁN,60 - 64,374
CSS Vicente Ferrer,TETUÁN,65 - 69,292
CSS Vicente Ferrer,TETUÁN,70 - 74,268
CSS Vicente Ferrer,TETUÁN,75 - 79,469
CSS Vicente Ferrer,TETUÁN,80 - 84,699
CSS Vicente Ferrer,TETUÁN,>= 85,2027
CSS Villa de Vallecas,VILLA DE VALLECAS, ,3
CSS Villa de Vallecas,VILLA DE VALLECAS,0 - 3,526
CSS Villa de Vallecas,VILLA DE VALLECAS,12 - 17,1231
CSS Villa de Vallecas,VILLA DE VALLECAS,18 - 24,1139
CSS Villa de Vallecas,VILLA DE VALLECAS,25 - 29,655
CSS Villa de Vallecas,VILLA DE VALLECAS,30 - 34,740
CSS Villa de Vallecas,VILLA DE VALLECAS,35 - 39,831
CSS Villa de Vallecas,VILLA DE VALLECAS,4 - 11,1479
CSS Villa de Vallecas,VILLA DE VALLECAS,40 - 44,896
CSS Villa de Vallecas,VILLA DE VALLECAS,45 - 49,862
CSS Villa de Vallecas,VILLA DE VALLECAS,50 - 54,757
CSS Villa de Vallecas,VILLA DE VALLECAS,55 - 59,648
CSS Villa de Vallecas,VILLA DE VALLECAS,60 - 64,501
CSS Villa de Vallecas,VILLA DE VALLECAS,65 - 69,435
CSS Villa de Vallecas,VILLA DE VALLECAS,70 - 74,459
CSS Villa de Vallecas,VILLA DE VALLECAS,75 - 79,705
CSS Villa de Vallecas,VILLA DE VALLECAS,80 - 84,935
CSS Villa de Vallecas,VILLA DE VALLECAS,>= 85,1771
CSS Zaida,CARABANCHEL, ,5
CSS Zaida,CARABANCHEL,0 - 3,603
CSS Zaida,CARABANCHEL,12 - 17,1147
CSS Zaida,CARABANCHEL,18 - 24,1098
CSS Zaida,CARABANCHEL,25 - 29,946
CSS Zaida,CARABANCHEL,30 - 34,935
CSS Zaida,CARABANCHEL,35 - 39,1107
CSS Zaida,CARABANCHEL,4 - 11,1630
CSS Zaida,CARABANCHEL,40 - 44,1178
CSS Zaida,CARABANCHEL,45 - 49,996
CSS Zaida,CARABANCHEL,50 - 54,955
CSS Zaida,CARABANCHEL,55 - 59,893
CSS Zaida,CARABANCHEL,60 - 64,692
CSS Zaida,CARABANCHEL,65 - 69,529
CSS Zaida,CARABANCHEL,70 - 74,577
CSS Zaida,CARABANCHEL,75 - 79,1030
CSS Zaida,CARABANCHEL,80 - 84,1660
CSS Zaida,CARABANCHEL,>= 85,4174
